MAD,MSE,RMSE,MAPE,MPE
18.813214284194107,870.109806699072,29.49762374665241,26.637481749981784,-10.525986871019247
